[
  {"region":"Arica y Parinacota","comunas":["Arica","Camarones","Putre","General Lagos"]},
  {"region":"Tarapacá","comunas":["Iquique","Alto Hospicio","Pozo Almonte","Camiña","Colchane","Huara","Pica"]},
  {"region":"Antofagasta","comunas":["Antofagasta","Mejillones","Sierra Gorda","Taltal","Calama","Ollagüe","San Pedro de Atacama","Tocopilla","María Elena"]},
  {"region":"Atacama","comunas":["Copiapó","Caldera","Tierra Amarilla","Chañaral","Diego de Almagro","Vallenar","Huasco","Freirina","Alto del Carmen"]},
  {"region":"Coquimbo","comunas":["La Serena","Coquimbo","Andacollo","La Higuera","Paiguano","Vicuña","Ovalle","Combarbalá","Monte Patria","Punitaqui","Río Hurtado","Illapel","Canela","Los Vilos","Salamanca"]},
  {"region":"Valparaíso","comunas":["Valparaíso","Viña del Mar","Concón","Quintero","Puchuncaví","Casablanca","Juan Fernández","San Antonio","Cartagena","El Quisco","El Tabo","Algarrobo","Santo Domingo","Quilpué","Villa Alemana","Limache","Olmué","La Calera","La Cruz","Quillota","Nogales","Hijuelas","San Esteban","Calle Larga","Los Andes","Rinconada","Santa María","Petorca","La Ligua","Cabildo","Papudo","Zapallar","Isla de Pascua"]},
  {"region":"Metropolitana de Santiago","comunas":["Santiago","Cerrillos","Cerro Navia","Conchalí","El Bosque","Estación Central","Huechuraba","Independencia","La Cisterna","La Florida","La Granja","La Pintana","La Reina","Las Condes","Lo Barnechea","Lo Espejo","Lo Prado","Macul","Maipú","Ñuñoa","Pedro Aguirre Cerda","Peñalolén","Providencia","Pudahuel","Quilicura","Quinta Normal","Recoleta","Renca","San Joaquín","San Miguel","San Ramón","Vitacura","Puente Alto","Pirque","San José de Maipo","Colina","Lampa","Tiltil","San Bernardo","Buin","Paine","Calera de Tango","Melipilla","Alhué","Curacaví","María Pinto","San Pedro","Talagante","Isla de Maipo","El Monte","Padre Hurtado","Peñaflor"]},
  {"region":"O'Higgins","comunas":["Rancagua","Machalí","Graneros","San Francisco de Mostazal","Requínoa","Rengo","Malloa","Quinta de Tilcoco","San Vicente","Pichidegua","Peumo","Coltauco","Doñihue","Coínco","Las Cabras","San Fernando","Chimbarongo","Nancagua","Placilla","Santa Cruz","Lolol","Pumanque","Palmilla","Peralillo","Pichilemu","La Estrella","Litueche","Marchihue","Navidad","Paredones"]},
  {"region":"Maule","comunas":["Talca","San Clemente","Pelarco","Pencahue","Maule","Curepto","Constitución","Empedrado","Río Claro","Linares","Yerbas Buenas","Colbún","Villa Alegre","San Javier","Cauquenes","Pelluhue","Chanco","Curicó","Teno","Romeral","Molina","Sagrada Familia","Rauco","Hualañé","Licantén","Vichuquén"]},
  {"region":"Ñuble","comunas":["Chillán","Chillán Viejo","San Carlos","Bulnes","Cobquecura","Coelemu","Ninhue","Portezuelo","Quirihue","Ránquil","Trehuaco","San Nicolás","Ñiquén","San Fabián","Coihueco","Pinto","El Carmen","Pemuco","Quillón","Yungay"]},
  {"region":"Biobío","comunas":["Concepción","Talcahuano","Hualpén","San Pedro de la Paz","Chiguayante","Penco","Tomé","Coronel","Lota","Santa Juana","Florida","Hualqui","Cabrero","Yumbel","Los Ángeles","Mulchén","Nacimiento","Negrete","Quilaco","Quilleco","Santa Bárbara","Tucapel","Antuco","Alto Biobío","Arauco","Curanilahue","Lebu","Los Álamos","Tirúa"]},
  {"region":"La Araucanía","comunas":["Temuco","Padre Las Casas","Cunco","Melipeuco","Vilcún","Freire","Pitrufquén","Gorbea","Loncoche","Toltén","Curarrehue","Pucón","Villarrica","Lautaro","Perquenco","Galvarino","Cholchol","Nueva Imperial","Carahue","Saavedra","Teodoro Schmidt","Angol","Renaico","Collipulli","Ercilla","Los Sauces","Purén","Lumaco","Traiguén","Victoria"]},
  {"region":"Los Ríos","comunas":["Valdivia","Corral","Lanco","Máfil","Mariquina","Paillaco","Panguipulli","Los Lagos","Futrono","La Unión","Río Bueno"]},
  {"region":"Los Lagos","comunas":["Puerto Montt","Puerto Varas","Llanquihue","Frutillar","Los Muermos","Maullín","Calbuco","Cochamó","Osorno","San Juan de la Costa","Puyehue","Río Negro","Purranque","Puerto Octay","San Pablo","Castro","Ancud","Quellón","Dalcahue","Chonchi","Curaco de Vélez","Queilén","Quinchao","Quemchi","Puqueldón","Hualaihué","Chaitén","Futaleufú","Palena"]},
  {"region":"Aysén","comunas":["Coyhaique","Lago Verde","Aysén","Cisnes","Guaitecas","Río Ibáñez","Chile Chico","Cochrane","O'Higgins","Tortel"]},
  {"region":"Magallanes y de la Antártica Chilena","comunas":["Punta Arenas","Río Verde","Laguna Blanca","San Gregorio","Porvenir","Primavera","Timaukel","Puerto Natales","Torres del Paine","Cabo de Hornos","Antártica"]}
]